,1,2,3,4,5
voc,0.17,0.36,0.16,0.1,0.11
sound_pressure_level,0.17,0.36,0.16,0.1,0.11
indoor_relative_humidity,0.17,0.36,0.16,0.1,0.11
illuminance,0.17,0.36,0.16,0.1,0.11
pm2.5,0.17,0.36,0.16,0.1,0.11
indoor_co2,0.17,0.36,0.16,0.1,0.11
chilled_water_energy,0.12,0.0,0.0,0.0,0.0
fcu_fan_energy,0.12,0.0,100.0,100.0,100.0
fcu_fan_speed,0.11,0.0,100.0,100.0,100.0
supply_air_pressure,0.11,0.0,0.0,0.0,0.0
fan_energy,0.12,0.0,0.0,0.0,0.0
hvac_energy_wh_m2,0.12,0.0,0.0,0.0,0.0
ahu_fan_energy,100.0,100.0,0.0,0.0,0.0
supply_air_flow,100.0,100.0,0.0,0.0,19.06
damper_position,100.0,100.0,0.0,0.0,19.06
cooling_coil_valve_position,100.0,100.0,0.0,0.0,0.0
cooling_coil_valve_command,100.0,100.0,0.0,0.0,0.0
ahu_fan_speed,100.0,100.0,0.0,0.0,0.0
offcoil_air_temp,100.0,100.0,0.0,0.0,0.0
offcoil_temp_setpoint,100.0,100.0,0.0,0.0,0.0
pressure_across_filter,100.0,100.0,0.0,0.0,0.0
supply_air_humidity,100.0,100.0,0.0,0.0,0.0
