algo,seed,n_solutions,hypervolume_norm,best_f_cost,best_f_tc
NSGA-II,1,5,0.058267238613386535,9.52907444531321,0.9282818017068982
NSGA-II,2,11,0.057488094994100895,9.543436749521028,0.9292010362530905
NSGA-II,3,4,0.05766667783809042,9.540384092385764,0.9296950482473918
NSGA-II,4,8,0.0576602051487262,9.515942931076033,0.931296504947998
NSGA-II,5,12,0.05757523913912356,9.534968933999295,0.9297638731873377
NSGA-III,1,4,0.05795997066510169,9.5366953779039,0.9285949990144053
NSGA-III,2,2,0.05711795909653792,9.53963322471808,0.9307120694996918
NSGA-III,3,4,0.057454375109982365,9.534026954641027,0.927998990067326
NSGA-III,4,5,0.057771566567885464,9.526580085372853,0.9297652419219425
NSGA-III,5,4,0.0573583441672271,9.541102492014662,0.9302950014869903
SMS-EMOA,1,7,0.05764921227003218,9.530034216833586,0.9304613667785587
SMS-EMOA,2,9,0.057600589912891215,9.526640012298337,0.9305953608681284
SMS-EMOA,3,9,0.05762088060622815,9.535918674668425,0.9298839576056287
SMS-EMOA,4,5,0.057517237910240195,9.530174286793414,0.9306864145234405
SMS-EMOA,5,12,0.05750353047466169,9.526173958271148,0.9309492504185867
