algo,seed,f_cost,f_tc,x1,x2,x3,x4,x5,x6,x7
NSGA-II,1,5.481893934419803,0.5464328004454185,10.886564587267387,15.364984222660954,18.200976258015217,36.79197770403619,44.83254003490993,48.36565049316118,53.01446616815902
NSGA-II,1,5.498390048357767,0.5430874601039758,13.443325865457314,16.599184865761877,21.31809383629537,36.79197770403619,44.83254003490993,48.3668594363202,53.01446616815902
NSGA-II,1,5.411600449398467,0.5726372611052718,10.324953262244982,16.98307514738244,19.82986719642923,37.22406050377177,44.0272997433414,48.89420940715576,52.94645482496532
NSGA-II,1,5.345973377586472,0.6178027117204759,10.324953262244982,16.57131852226123,19.911004168004375,37.22524853647033,42.5671321044264,48.930314205624775,52.80025175772522
NSGA-II,1,5.357297847010786,0.6021909548212392,10.215091576572748,16.98307514738244,19.82986719642923,37.22406050377177,42.529293318601056,47.88090279620311,52.945504978057215
NSGA-II,1,5.828841286814738,0.5198573321624116,14.227989440813554,16.721339356831685,20.214299986957517,32.61242988177538,43.30738825356787,46.46927853935751,53.12207416638542
NSGA-II,1,5.427833962769414,0.5519769270024621,10.4055975092148,17.62047715900346,33.447537331698555,36.8486354131939,45.454206800657495,47.91016438326632,52.679303261170446
NSGA-II,1,5.540893817320461,0.5277642758487827,13.337433716133901,16.007761460904536,28.724196302328572,35.40600340260238,46.00748193273093,48.56910640739157,52.878767791820735
NSGA-II,1,5.815997028282363,0.5205103444350226,13.56720609911728,16.676929427302237,21.24691509300772,33.280295793216894,43.34000029089883,46.29298543442496,52.71900378888458
NSGA-II,1,5.5823384796276585,0.527446582812057,13.337485865456829,16.007761460904536,27.228336082956474,35.40600340260238,45.753397541081554,48.863666494444615,52.878767791820735
NSGA-II,1,5.44588939473099,0.5515884490499398,10.81957355473894,16.447848276156375,19.788024196308918,36.707559155873355,43.86834321426634,46.34554893324896,52.96440518175287
NSGA-II,1,5.3356365021634735,0.6215218291526341,10.90700572589096,15.568713720318314,23.56431732196507,37.04573589432997,42.481188728295564,49.20514096373602,52.29613787286838
NSGA-II,1,5.340201367783063,0.6189701520413476,11.001588286592112,15.404183496103254,23.08342054412175,37.05616005409218,42.555782731079184,49.82154661534863,52.87780576333125
NSGA-II,1,5.349266395691481,0.6022798753549914,10.4055975092148,17.633979363831617,34.287594832142695,36.911807582157294,43.76783856381037,48.64151342097944,52.58327880399178
NSGA-II,1,5.347020488353193,0.6045653650773412,10.63638528266059,16.761645683160836,32.75779455137001,36.77610956411903,42.517968664943346,46.94888994079783,52.787639354935365
NSGA-II,1,5.89600179184119,0.5165597861380982,13.55346621784694,16.164734745168115,18.912775856639247,32.56291854900073,43.56396635008935,46.3782830972317,53.01840694792619
NSGA-II,1,5.339950466311837,0.6197039183346386,10.772893917194873,16.03600709003775,23.103408513879568,37.12254947425138,42.71858925526362,49.78383279301631,52.53273523287289
NSGA-II,1,5.456101242046092,0.548056606896726,10.87873632375951,17.62047715900346,33.447537331698555,37.278726510007914,45.454206800657495,47.91016438326632,52.679303261170446
NSGA-II,1,5.476929992206602,0.5479366703894396,11.775487926597929,14.323984977895735,23.78609180320658,37.396422550753506,45.75051462934446,48.37587670731785,52.91481177629473
NSGA-II,1,5.883773179112392,0.5167921234552658,12.796627507339958,15.930207785538032,19.887554022571294,33.37071410045472,43.388781206016006,46.743824452556616,52.937876149315244
NSGA-II,1,5.328030218007761,0.6353173203973661,10.767498944650246,16.95206216617047,19.998172165193473,32.80956217722129,35.73669999010571,47.177017659242125,52.825658324192304
NSGA-II,1,5.434795839859181,0.5518339132219261,10.429114058705618,17.581253855767,31.614193786553372,36.71294254724027,45.262933343831826,47.833835670769254,53.02078514487663
NSGA-II,1,5.504674981402173,0.5346733795344977,10.621551884669618,16.999651221854954,24.036983726502335,35.826441311650825,45.9950242864494,48.61072452618514,52.92522087861849
NSGA-II,1,5.425030400189217,0.5568792862714558,9.27842038064704,18.164018107134197,32.07259901873063,36.75027337252956,44.86476669443588,47.793800750616526,51.98118079584839
NSGA-II,1,5.401910484919624,0.573944630272765,10.695230516143871,17.89021027386614,32.6360536709254,36.8486354131939,43.86372632764888,48.596996541777756,53.13464080779432
NSGA-II,1,5.366056607940656,0.5955774521678823,9.876469343714298,17.60200491290677,33.698186700569025,36.771145978237236,43.98867238701904,48.98558124950664,51.83012092276858
NSGA-II,1,5.9063740325441545,0.5153309159421228,12.793325708742366,15.943191138488348,19.13926768311905,33.29260183144124,43.29747687586296,46.7798340523679,52.95027053663209
NSGA-II,1,5.335063819164542,0.634812600391374,10.767498944650246,16.95206216617047,19.998172165193473,32.133636745578265,35.73669999010571,47.873437453425666,52.825658324192304
NSGA-II,1,5.494288948964358,0.5457832433162627,13.252061024047961,16.232021630952513,19.887554022571294,36.42425902390174,43.99438211423294,46.743824452556616,52.937876149315244
NSGA-II,1,5.3649883517533095,0.5957571891618019,9.933357229320706,16.813661691421796,34.00877455171979,36.8486354131939,42.575982382019745,47.19866655671879,52.616338921115144
NSGA-II,1,5.37453514762839,0.5796724631412692,9.690805150460713,17.87728095233865,32.255358166474316,36.771145978237236,43.7811053589103,47.61106162622011,52.603300499938385
NSGA-II,1,5.801111005726806,0.5208452886250522,13.319672030807023,15.902655620954114,20.894875147007344,32.82130822166715,43.04889906528266,46.768845854098466,53.0499662347476
NSGA-II,1,5.601651765578768,0.5269564450022833,13.028163239380607,18.5026228253681,29.68227830341384,35.8167770071619,46.17023556210193,48.828214169240034,52.878767791820735
NSGA-II,1,5.380413992574328,0.5750577974385956,9.230921332097633,18.164018107134197,33.69015654148222,37.295423665829645,43.82329518794503,47.793800750616526,53.00035897765077
NSGA-II,1,6.064584602917131,0.5132386944473539,12.793325708742366,15.94165942041376,18.74610247796452,33.29260183144124,43.940648383492096,46.7798340523679,52.95027053663209
NSGA-II,1,5.8768917231307505,0.5174474446904569,12.787464599657314,16.60941536069036,19.86467942798512,33.37071410045472,43.388781206016006,46.743824452556616,52.915538900136774
NSGA-II,1,5.87079716503542,0.5184100864637222,12.79687990147473,15.820522188230612,20.577759444322773,33.11017441001741,43.68873510943216,46.743824452556616,52.93768045249893
NSGA-II,1,5.314470285314952,0.6411673703078614,10.76921326561209,17.01698475252576,20.972650352789163,33.45972229278609,36.553597575027155,45.51112383954636,51.474456447494184
NSGA-II,1,5.83506823951691,0.5187066015984144,13.866381763912607,16.721339356831685,20.246070877164122,32.61242988177538,43.83451436147457,46.88820278321037,53.12207416638542
NSGA-II,1,5.323834376180906,0.6363704680917256,10.391761361725457,17.865173494434178,21.36740714236996,32.16614747303816,36.51251582366647,47.60362338955016,53.06391504116466
NSGA-II,2,5.421288986973876,0.5746684867531471,9.731542742666523,17.539899038959376,21.726856644261698,37.61526584940028,43.72775721789482,48.35087379169492,53.0747100214033
NSGA-II,2,5.340568008515392,0.6175625728470092,11.432371738894416,15.956694607339887,24.02716125548629,37.01114051618777,42.58654739736103,49.19579488020558,52.7398567999054
NSGA-II,2,5.534812319795383,0.523370578341707,13.857507803619201,16.553902744221464,22.088066407692075,36.1132375530493,44.151870462781524,46.930796404519086,53.0849229298199
NSGA-II,2,5.420012390599599,0.5750917019299652,10.298993072842833,16.61578676462353,19.27826449493122,36.73874358621816,44.12459558085474,48.042592494684584,53.04977742429733
NSGA-II,2,5.44442316015373,0.5691512636230808,11.056693488652218,16.011748957770777,22.106516531919734,38.14768898564706,44.27876142751764,47.946366001713834,52.735485937121965
NSGA-II,2,5.5091773088311164,0.5303164843316582,11.524016587157341,15.305130645905997,22.237942595943377,36.18919816417117,44.2075730475455,46.6815685386164,52.82803231916789
NSGA-II,2,5.343710141675733,0.6164969970602898,11.432371738894416,15.956694607339887,24.02716125548629,37.01114051618777,42.58654739736103,49.90951643658084,52.799140583364895
NSGA-II,2,5.76987669222211,0.5191569014979684,14.616910562678592,17.237984622025387,21.573989161576606,33.061282660859575,43.44238535182791,46.87131237579015,53.15207769137401
NSGA-II,2,5.342567924210984,0.6167711534247884,11.432371738894416,15.956694607339887,24.02716125548629,37.00589340022054,42.58654739736103,49.19579488020558,53.15662070658996
NSGA-II,2,5.323389202136549,0.6332768078349734,10.672795957658307,16.724132662549312,21.59570004953412,32.44798722125652,36.833336214737415,48.70612031321827,52.85203322919979
NSGA-II,2,5.865151582006467,0.5184495312827915,13.852096384459172,16.40226430676824,19.49199731507054,32.47546510467191,43.57150010200858,46.82720596607434,52.96746658580727
NSGA-II,2,5.350608359939626,0.6027481447285326,10.509501374365794,17.124354530010724,19.630438348612255,36.712012106051716,43.839307939649366,49.78635714895639,52.37604556844245
NSGA-II,2,5.398114004925388,0.5765870021814284,10.344724220771162,16.677212799332846,19.915394817957456,36.76352373419067,43.07266523054767,48.160910090970376,53.13419191578503
NSGA-II,2,5.364144416673178,0.59637660018095,9.96978903240491,17.124354530010724,19.630438348612255,36.712012106051716,43.839307939649366,49.194799320174695,51.723914116179635
NSGA-II,2,5.309467186095617,0.6343269343657892,10.36928898287977,17.419101906349372,20.607346041624172,34.138396911953485,36.9834331229042,48.31241262221741,53.0503645700518
NSGA-II,2,5.423265367320442,0.574013482216,11.486071310113378,14.663223642480926,22.421596623546627,36.95662589268593,43.84123980717156,49.020770326972,53.0747100214033
NSGA-II,2,5.9444035842438465,0.5113818472109953,14.568135198882024,17.264033573579187,21.314598428014456,34.227885928615336,44.49521113595065,46.93414611434663,53.15207769137401
NSGA-II,2,5.353147189208566,0.5981876498701038,9.118192233611037,17.114839634688373,21.900390057095596,36.903558783012464,42.74551129195615,48.359958549442126,53.15811187775027
NSGA-II,2,5.483107329354377,0.5437155174801357,10.672896874613459,15.988489434583315,23.104700544995406,38.14768898564706,44.239665151389175,46.94083371288241,53.188450987556074
NSGA-II,2,5.389944216397018,0.578343464280123,10.587734904650732,16.171481129451827,23.393363242722895,36.89314171197145,43.65339791121583,48.161483217528406,53.00812868289519
NSGA-II,2,5.461970304379929,0.5502447466502861,10.587734904650732,16.171481129451827,20.55822998143576,36.89314171197145,44.93736610293859,48.161483217528406,53.03559946811716
NSGA-II,2,5.340334964402809,0.6177376045645929,11.432371738894416,15.956694607339887,23.551930139397097,37.01114051618777,42.58654739736103,49.19579488020558,52.662571679194706
NSGA-II,2,5.446315190304528,0.568975678435914,10.815535521994367,16.57955848450853,20.740173449057856,37.65842124868657,43.84123980717156,48.90779131822235,53.16329669815771
NSGA-II,2,5.402904630653628,0.575641985666328,11.113968178171,16.120358791853146,20.38213172958729,36.56196940092322,43.84123980717156,48.90779131822235,53.040524914194634
NSGA-II,2,5.4319534172062465,0.5714723013918019,10.510753698419432,16.201241429639015,22.76020260867513,37.65842124868657,43.84123980717156,48.90779131822235,53.040524914194634
NSGA-II,2,5.555489515955784,0.5224038596368532,14.459178318796186,17.149226754655118,25.921221423820903,36.09911655197616,44.151093463478944,46.930796404519086,53.0849229298199
NSGA-II,2,5.408404328008924,0.5751182216069111,11.113968178171,16.120358791853146,21.177462159457633,36.81432600400437,43.81493829427366,48.90779131822235,53.040524914194634
NSGA-II,2,5.489511538980588,0.5316737412660018,10.731606084349917,15.606231325338149,24.5032178125136,36.11250471037304,44.151870462781524,46.736525491947845,53.0849229298199
NSGA-II,2,5.448755041177024,0.5540422275349852,10.428878772100097,16.247188179607164,24.341759828408755,36.89269753397053,44.01613220706425,46.861260021858065,53.00796851873391
NSGA-II,2,5.298400386480658,0.6578999909895105,14.16997338582557,17.425717172921356,20.607346041624172,34.138396911953485,36.9834331229042,47.83899672593452,51.59960207621877
NSGA-II,2,5.544719979989912,0.5232620346510837,14.133384061936413,16.79159168185573,24.84344075685896,36.1132375530493,44.151870462781524,46.90476019792078,53.07369443134353
NSGA-II,2,5.48074856178369,0.5488284042066839,10.672896874613459,16.50848172688148,21.966080101512205,37.37633930224857,43.69472275103627,46.82738137450275,53.188450987556074
NSGA-II,2,5.874708531980907,0.5182985229005774,13.743780889805533,17.31909571392782,25.33072582924956,33.19350829194391,43.53993324750318,46.9325229011508,53.195505404944775
NSGA-II,2,5.5265810397509405,0.5234850196611477,14.612583966299098,17.158033693281762,25.20577732182138,36.03560066902737,44.07118715436987,46.863600474354776,53.00796851873391
NSGA-II,2,5.438490206311659,0.5713904135324116,10.760897437408573,16.918990291006953,22.41100606773834,38.14768898564706,44.27876142751764,46.98179901804905,52.73276858586072
NSGA-II,2,5.390374018768937,0.5766109733690225,11.01503127978595,16.171481129451827,23.393363242722895,36.89314171197145,43.65339791121583,48.63325150440039,53.00812868289519
NSGA-II,2,5.472016870237098,0.5499777859861373,11.057602485308404,16.69991777290541,21.39698557466039,36.59580283567876,44.65377880161279,48.95275510572543,53.15963576182271
NSGA-II,2,5.4498669964358815,0.5515065253830647,10.587734904650732,15.41203374168122,23.393363242722895,36.89314171197145,45.140635829427374,48.793332307340386,53.00812868289519
NSGA-II,2,5.357097014687664,0.5975127983322012,9.332532100402247,16.952996237307662,23.940805545088534,36.89861843066285,42.685722105029136,48.82154916745219,53.08322698750134
NSGA-II,2,5.824136757465479,0.5190560275384521,13.036909397423845,16.53999383799759,20.243408336398268,33.03977217257756,43.443791293358636,46.82720596607434,52.96746658580727
NSGA-II,2,5.4495558688065,0.5518623985672194,11.22175134146513,15.407916019453141,23.451887851410856,36.89314171197145,45.18859047640838,47.80617223039524,53.006166766738126
NSGA-II,2,5.989735143450886,0.5112122182729417,13.364638150359122,16.974100611509233,27.39471067061748,34.142102481659236,44.200965594842536,46.99066055423699,53.15207769137401
NSGA-II,2,5.854393879358116,0.5186128070077772,12.655677729533155,16.17947571180361,20.243408336398268,33.03977217257756,43.443791293358636,47.02547013930025,53.046482135676015
NSGA-II,2,5.455465392471563,0.5512301079954337,10.255832743283909,17.20425713492541,19.916989206143587,36.942385675513385,43.03347080690263,46.53737032283368,53.04981720981203
NSGA-II,2,5.382012236910123,0.5840046788132829,9.96978903240491,17.119397049171653,19.630438348612255,36.59417110964238,43.839307939649366,47.09163050962705,51.723914116179635
NSGA-II,2,5.329800738108209,0.6248915115695937,14.86315593402688,17.425717172921356,20.03152367849137,33.08795891312799,35.97758968310856,48.57252908596996,53.14375526689425
NSGA-II,2,5.443415571064076,0.5703493009258229,10.822441001612113,17.772784227379454,20.740173449057856,37.65842124868657,43.84123980717156,48.90779131822235,53.16329669815771
NSGA-II,3,5.779860945073807,0.5234422044427095,11.152052272167158,15.222332506409693,20.457563362949372,33.175676820322394,43.47021268468641,46.7012258774052,52.993385827657534
NSGA-II,3,5.898015304034096,0.5152459035040848,12.702729733537396,15.167313017287178,18.39616724640542,32.90390869002221,43.66262687531073,46.88900374541262,52.993385827657534
NSGA-II,3,5.893691133333509,0.518131372044019,12.342043274866937,14.832016624752573,18.103446390641455,32.56242352141295,43.99282120842558,46.7012258774052,52.993385827657534
NSGA-II,3,5.502714404223922,0.5434197515981872,7.053215207136622,10.098424355816508,18.926428957505934,35.80958845344648,44.04950613002802,46.64762552419537,52.991211971463116
NSGA-II,3,5.336550886267678,0.5766856702184148,5.708958361428428,9.855892625547403,18.951747686857196,36.78204265568297,43.52419438277269,47.82132191102481,53.08615132317264
NSGA-II,3,5.384473350746029,0.5546071477119612,5.708958361428428,8.84635665545028,18.827178315262273,36.83870856072742,43.53662385157597,46.579141903160036,53.08615132317264
NSGA-II,3,5.812138151421143,0.5222560511003835,11.850572333259764,15.222332506409693,21.17337423079255,33.175676820322394,43.47021268468641,46.7012258774052,52.993385827657534
NSGA-II,3,5.3344434512028975,0.6290420538325401,6.362940336202368,11.0135312941113,17.40878294929532,32.26211423604855,36.485788266332236,48.89800523679248,52.99966706993911
NSGA-II,3,5.403915050932103,0.5542812780202961,5.708958361428428,9.300637864150914,18.215778306174794,36.83870856072742,43.78486412315913,46.579141903160036,53.08615132317264
NSGA-II,3,5.8161493488721465,0.5196008170384484,11.152052272167158,15.88645855731636,18.763456533943902,33.175676820322394,43.47021268468641,46.7012258774052,52.993385827657534
NSGA-II,3,5.547484729388566,0.5392222980129813,9.074053914892625,11.548314194385519,18.41729058244828,35.86092592377234,44.084885653094524,46.63016075588453,53.161568414492564
NSGA-II,3,5.518451096621254,0.5421142238192619,7.133341639994385,10.106947670232563,19.645160361195828,35.94423550329803,44.141588988008664,46.64762552419537,53.16095834843083
NSGA-II,3,5.687822900629817,0.5279864950493625,11.152052272167158,16.06856768412829,18.665443440779775,35.622639654228806,43.7282566800566,46.858398431776315,53.14747903522188
NSGA-II,3,6.065757899202897,0.5146764044162168,12.702729733537396,15.167313017287178,19.686314104211093,33.43765239938815,43.66262687531073,46.88900374541262,52.993385827657534
NSGA-II,3,5.775832065549638,0.5237925861378263,12.764009800921276,15.29132933507727,18.268454716107186,35.57034751873965,43.6622215682199,46.25805945186112,53.10187646877635
NSGA-II,3,5.839690386167586,0.5192693768613411,13.194243846931867,16.26609808892408,21.29044161068556,33.06512288886905,43.7495828140319,46.45650455446096,52.98703304992082
NSGA-II,3,5.645563041303963,0.5321766055600498,9.441736983577862,14.753846710692384,18.158998900537572,35.64728859750485,44.08551936053999,46.812683143796825,53.18663226095908
NSGA-II,3,5.421269606288483,0.5472815788379376,5.791778999323416,9.074053914892625,18.880859700539244,37.71260868590953,44.08731689373475,47.142197779181885,53.16193917117357
NSGA-II,3,5.362397994010301,0.5747491016322414,4.778561563806093,10.025380415585994,18.523602703759433,37.101137235189164,43.52419438277269,48.20215866074774,53.08615132317264
NSGA-II,3,5.448583543630525,0.5441154977180812,6.15250226188285,8.999563432076975,18.89785187461907,36.015585893655555,44.07508830379699,46.75081214453618,52.92851982501608
NSGA-II,3,5.723811540306665,0.524521799006261,12.47448367522801,15.167313017287178,18.39616724640542,35.64711616436033,43.90708380216709,46.88900374541262,52.993385827657534
NSGA-II,3,5.370268759554605,0.5727016406937473,5.090593032973021,9.843886862277225,18.827178315262273,37.41907022322879,43.53702061920961,47.9374958565842,53.08615132317264
NSGA-II,3,5.329742884857387,0.6323545953093527,6.362940336202368,10.459042891671444,16.233963768747778,32.320086301834536,36.58041898513586,48.69069385125493,52.99966706993911
NSGA-II,3,5.574466101853541,0.5330272336165323,10.225759460641829,12.723826734696829,17.990526080941965,36.28185387315946,44.52276136561976,46.98132830048585,53.15908868965857
NSGA-II,3,5.89165983611278,0.5185812729253529,14.082385641812655,16.75876946262448,21.036474118475464,33.06512288886905,43.83835802614459,46.45650455446096,52.98703304992082
NSGA-II,4,5.3849565067183205,0.5625755819474347,4.52406423795262,10.095717759711649,18.600819923356283,36.82783985374004,45.12457874026202,48.161710653958934,53.03179362667984
NSGA-II,4,5.812974888741171,0.5181760485629375,13.75996076348295,17.04613910811262,20.447661511525496,33.20628180494701,43.443086434544355,47.007765430690995,53.01358249477812
NSGA-II,4,5.38487573984052,0.5626368294972351,5.012541391826408,9.895123599673264,18.800817985747322,36.632222429758365,45.3168873675091,48.68813260698054,53.19870939555358
NSGA-II,4,5.260375275895665,0.6530900960468041,14.53907390779895,17.069810508615763,21.436820513312938,32.978073878739956,36.70903384078883,48.96381002548371,52.66706969186542
NSGA-II,4,5.417860383418237,0.5520917930292664,3.8028458921325674,9.278792652648685,18.86663614966564,36.93997954821643,43.02266258602795,45.699878984321195,53.17954516560761
NSGA-II,4,5.407230207491696,0.5566136455355494,5.264588364178177,7.821666188939956,19.255473351961264,36.86020572628928,43.728041561800524,46.77276329167404,53.10844928028655
NSGA-II,4,5.415524655754834,0.5536238727270478,3.8028458921325674,9.158289230955534,18.86663614966564,36.79713535510454,43.02266258602795,45.699878984321195,53.119499585950535
NSGA-II,4,5.540222033480915,0.5233179559071223,13.571635979455003,16.584013928308224,20.481561005424414,35.99168066130898,44.137506391344516,46.96679904626827,53.05771804422416
NSGA-II,4,5.463754815853479,0.550418901981759,11.69781278566831,15.461748456032918,23.479738087864366,36.922132647529835,44.15489282457506,46.87845814579074,53.11447540310404
NSGA-II,4,5.956125927235041,0.5126002994022809,14.521498380913982,17.444361885499944,22.50433819168427,34.21918481786281,44.237472759224595,46.87845814579074,53.1401665038864
NSGA-II,4,5.332719524886045,0.5779091941940803,5.283619723923484,9.82709505060907,18.44545630264021,36.8935721261381,43.702821776337814,47.93534023051945,52.73001550724892
NSGA-II,4,5.409805279413763,0.5538929537750558,5.283619723923484,8.881439661001313,18.68244119623081,37.22797110256128,43.702821776337814,46.57601587639789,52.73001550724892
NSGA-II,4,5.34417619204181,0.575055318080641,5.264588364178177,10.28714936959315,19.255473351961264,36.815520492617104,43.77031842595089,48.58150178533061,53.10754878553017
NSGA-II,4,5.491820475967848,0.529873534157405,11.06802949799255,15.271967820196705,20.2185876524044,35.89846451700532,44.15489282457506,46.850499381404276,53.17075585524601
NSGA-II,4,5.325924677703755,0.6255885132183929,9.449780687095995,17.77297348187736,20.533072110440386,32.40305589670697,36.78281059884136,48.244923048489625,53.05863218970521
NSGA-II,4,5.853574702551644,0.514088568317511,13.3303001603434,15.88428990942301,18.330737494931643,32.76572184463102,44.01352508497296,46.89303825163512,53.07427830986952
NSGA-II,4,5.397225193297169,0.5615100733208901,4.0325042676904,10.439930541327113,19.023791972281913,36.82783985374004,45.12457874026202,48.60956266879232,53.03179362667984
NSGA-II,4,5.309787808924712,0.6263924699387934,14.53907390779895,17.01865160439321,20.99108224495202,32.978073878739956,36.715627872533396,48.96381002548371,53.04582093320204
NSGA-II,4,5.817101614115719,0.5163933805879054,13.75996076348295,17.123333659600043,19.661591438909465,33.20628180494701,43.443086434544355,47.007765430690995,53.01358249477812
NSGA-II,4,5.977533663569376,0.5118843406041866,12.668375699351081,15.378145026691957,20.195493643469803,33.893789891183104,44.08529406338661,46.850499381404276,53.17075585524601
NSGA-II,4,5.478750514661996,0.54974051923121,11.879453389717115,14.863023910552212,24.8982888239014,36.922132647529835,44.15489282457506,46.950637386812126,53.11447540310404
NSGA-II,4,5.272301492027809,0.6514510238329831,14.846284953409775,17.900305475507775,21.079837312972206,34.195531385865216,36.63873201939963,49.10439249181567,53.03879796146922
NSGA-II,4,5.365351415052331,0.5750249035120568,5.039120463714955,10.327285693656991,19.013490801689024,36.91857277106057,44.22859056333311,48.19772195907293,53.05454971200484
NSGA-II,4,5.488960995051556,0.5435068724284353,13.543433720955978,16.40973926337632,19.910437195453863,36.55307083954919,44.34862263990525,46.92046330102202,53.163698974386094
NSGA-II,4,6.0099420984099465,0.5087662902798775,13.77741415296867,16.21145395887935,19.352010921711372,34.04968150039211,44.15489282457506,46.87845814579074,53.0588963370925
NSGA-II,4,5.380951682837108,0.5740734544886607,5.423445627129821,10.439930541327113,19.023791972281913,37.13877606015527,45.12457874026202,48.60956266879232,52.96947190317645
NSGA-II,4,5.997838171390953,0.5116028382290807,12.16132052320399,14.800345397892741,18.330737494931643,33.998558696690594,44.01352508497296,46.85874705750256,53.07427830986952
NSGA-II,4,5.260915584437618,0.6515433031951093,14.53907390779895,16.9769358700638,21.326766142685813,32.9160007332812,36.70903384078883,49.273965054481984,53.17509679270792
NSGA-II,4,5.333956890847572,0.5762110437474744,5.121386567592032,9.825720061185548,18.385190972438988,36.894195839457474,43.56042870937993,48.62836292841955,52.984515188134544
NSGA-II,5,5.449753432047101,0.5484493565645995,11.178937629007729,16.029772659047467,29.299170020441387,37.01789619678057,43.381875313736906,47.08621554368075,53.149935512229355
NSGA-II,5,5.429798187775929,0.5492236408394034,10.172608497028735,18.062865512878805,32.44042164033338,37.01789619678057,43.381875313736906,47.07996615778206,53.14953519520982
NSGA-II,5,5.3694240987098665,0.5716300349428535,7.725078018177147,18.94533215760544,31.556993005690416,36.74526586776669,43.962630006937154,48.29503526385795,52.89815882351906
NSGA-II,5,5.340186871891259,0.5920519514614077,9.340023125621446,18.10052226345888,34.851004766378736,37.32475370409724,41.92788640460265,48.10477701432733,52.92293743187205
NSGA-II,5,5.350579816990479,0.5909708371660921,9.923405794220631,17.39822560337734,34.851004766378736,37.32475370409724,41.92788640460265,48.10477701432733,52.92293743187205
NSGA-II,5,5.352441221713278,0.590935362770126,9.923405794220631,17.487225212533865,34.565156365680366,37.32475370409724,41.92788640460265,48.10477701432733,52.92293743187205
NSGA-II,5,5.32511131840147,0.619535849092806,10.269006622361722,16.56583514354535,31.98126635174839,36.91014185692506,42.43786699212424,49.307785304229064,52.81118785476251
NSGA-II,5,5.337701784945892,0.5930059972530414,9.340023125621446,18.10052226345888,34.851004766378736,37.32475370409724,41.48993356419339,47.31948691119784,52.92293743187205
NSGA-II,5,5.383707454479515,0.5695149538413783,7.680931281051109,18.786613583687117,34.851004766378736,37.32689463178481,41.92788640460265,46.88090707597744,53.07754592661001
NSGA-II,5,5.478633117008225,0.5300406082145502,9.649224399517315,16.565477700307596,32.87534768114467,36.060744089517705,44.318434420504424,47.09005033991861,53.16087306884001
NSGA-II,5,5.328037909785023,0.5979933606233561,9.311714386764553,18.186574855711164,33.60339027296971,37.03560703464395,42.84687861742084,46.35988459510366,51.89753302729314
NSGA-II,5,5.32653850487411,0.6149587937134181,10.92186004035209,16.56583514354535,31.98126635174839,37.22447838924394,42.23780487967354,50.08128897489378,52.53134807938087
NSGA-II,5,5.538274130534951,0.5234219069442231,13.845758389717062,17.5800365784672,32.5375610297694,35.95765912805089,44.12333553787858,46.56129812892596,52.85547465190261
NSGA-II,5,5.914218333915682,0.5168280990420959,12.74694553703237,15.629710562356806,29.23122914671476,33.39933612627985,43.439620274693446,46.55965502121875,52.94048102319788
NSGA-II,5,5.378948595490609,0.5714628023549287,7.89004205999679,18.94533215760544,31.7344988967025,36.74526586776669,43.206265544236324,48.29503526385795,52.87134942782796
NSGA-II,5,5.423349466137206,0.5595037248632978,8.535301302034547,18.94533215760544,32.319939029651536,36.74526586776669,45.09499136889961,47.77317190238699,51.79149705564425
NSGA-II,5,5.383091696059458,0.5695480161998935,7.680931281051109,18.84856816873461,34.851004766378736,37.32689463178481,41.809976246013164,46.88090707597744,53.07754592661001
NSGA-II,5,5.346085207777383,0.591666713705631,9.606776437292957,18.040846527454264,34.21049217188536,37.27626150336431,41.53468162150905,47.81774425127457,53.14106809779887
NSGA-II,5,5.3077344703729965,0.6297352000078141,14.533220222624664,17.268694975177127,20.885412849446922,33.356643404077445,36.50738740535903,47.09337283658394,52.95037704146451
NSGA-II,5,5.423455715908359,0.5514465180708606,9.39735268687911,19.331036517304316,34.36498553368878,36.900066461573196,43.55913050553988,46.62505940798646,53.12027859953213
NSGA-II,5,5.454731502138598,0.5472311665598947,10.543782388948756,16.739995758352578,32.533194487161346,37.13584597058259,45.29114391163945,48.43931349622278,53.15770719876525
NSGA-II,5,5.492549053686355,0.5282325958823992,10.538974529615158,17.72696590227818,32.87534768114467,36.060744089517705,44.318434420504424,47.09005033991861,53.16087306884001
NSGA-II,5,5.40341514885957,0.5638336624276614,7.561638540553756,18.940148586841318,34.90549714712152,37.87587934658075,44.3594218274271,48.0392721870716,52.92293743187205
NSGA-II,5,5.450887518212238,0.5476587348462568,10.317049081365582,17.734074444652297,31.893483023739176,37.10277068032867,45.1369108262758,48.865011546269265,52.865138671266884
NSGA-II,5,5.8110628438434375,0.517165912534464,13.545475690182098,16.667968987441085,29.0361951850446,33.047901505208046,43.3644960146696,46.90659077308057,53.159518248991404
NSGA-II,5,5.540724758734319,0.5233541675358845,13.775606621542341,17.62560414021249,32.1571455276409,35.95765912805089,44.12333553787858,46.557764539133466,52.92991761108682
NSGA-II,5,5.927356033905868,0.5111278157498824,13.479296512027267,16.461311799757254,30.499014213216192,33.87045643913683,44.12333553787858,46.96646402246439,53.159518248991404
NSGA-II,5,5.521886534528077,0.5235306179163791,13.268995357985748,16.422018763720967,28.989306987383596,35.96094193323147,44.12333553787858,46.735077073545725,53.15937241577516
NSGA-III,1,5.851058211390397,0.5213060912321421,12.736492173591644,15.204910352876405,24.70315031376389,32.8923618667288,43.05573214644366,46.05097981276032,53.086757959116646
NSGA-III,1,5.538759982453602,0.5315671314153348,10.56162253349818,15.113749345303226,22.675381670143825,36.06876994640107,44.40994865983647,47.15272198602284,53.18441060699879
NSGA-III,1,6.014918964108827,0.512043466064474,12.824114641218733,15.426730089915912,20.0355108096108,34.05628403343856,44.169185562890405,46.733148320257214,52.85037566317411
NSGA-III,1,5.479300662573266,0.5477271126181346,11.113046415605929,15.32923420661862,23.279286436846544,37.47649745848081,45.641206008482754,48.34445169203022,53.10410301297492
NSGA-III,1,5.506512320663601,0.5337963566511039,9.836811527044578,16.703242908796884,20.43577852864104,35.64185716669199,44.22460532890313,47.06694522493415,53.16111849227675
NSGA-III,1,5.353507407193282,0.5786318061544667,4.53911999417384,10.092827530876384,18.544506314802373,36.57730651266769,43.45238905132676,48.62374870723807,52.805823985717524
NSGA-III,1,5.5036517104521065,0.5431325388814409,14.557360014301814,17.062066068241524,28.91473448711769,36.38869016633099,45.420707246567794,47.96549699701863,53.042407777323916
NSGA-III,1,5.405935347469246,0.5563167512457216,3.5041194272912226,9.299213004715329,19.261926266429867,36.51595651850307,45.31831681629794,47.95622356875927,52.779910786674925
NSGA-III,1,5.38190099963442,0.5629475562861448,5.9696133630732096,10.126262907934539,18.470956195827668,36.614735100935505,44.7218585732419,48.0171966201381,52.805823985717524
NSGA-III,1,5.322785369355628,0.6348917057907703,10.486527429479025,16.637420086859468,19.921578511713676,32.91534379983318,36.489616850994885,47.64563248404589,52.85500751699158
NSGA-III,2,5.844229451251547,0.5255964067331267,9.836860225577693,16.218607978465965,19.379658639959622,32.20669522573216,43.80992601498004,47.08061601916387,53.146270012493844
NSGA-III,2,5.374464888808922,0.5742639742872917,4.989187458231449,10.302162616684155,18.84280733499418,36.934810732606365,43.29288749331985,48.49567297513307,53.140226220484934
NSGA-III,2,5.789748304418143,0.530496527513797,8.04474939926907,13.292899338890306,24.591209560334104,33.04878949481979,43.53639402214103,47.11005703227653,53.146287388654706
NSGA-III,2,5.394036885985621,0.5565829333856067,4.9727425036136985,8.110191326414336,18.519303084341082,36.65256875113704,45.37518849520558,48.575008591759854,53.12889269090724
NSGA-III,2,5.878169346751797,0.5202453562962016,11.344438229903817,14.7139496409506,17.667964627810203,33.29596991934083,43.52709217193097,46.45139430334927,52.827884593613895
NSGA-III,2,5.332615818304182,0.581173588814278,5.201543948047727,9.760932732673576,18.928720832605975,36.63501723120682,43.70339615689951,48.16208778677367,52.27449436476536
NSGA-III,2,5.559345941780295,0.5377480810568225,7.862749995069888,11.761968053597215,19.95587410732721,36.24186822894389,44.35568987629101,46.91808386092844,53.13995375618314
NSGA-III,3,5.5298998214795105,0.5234393754616984,13.20626221376223,17.398226539287066,23.269060979552574,36.54060825787988,44.66895701565824,47.10337757876924,53.125662184331574
NSGA-III,3,5.313857295714876,0.6355553871678296,10.397337443541703,17.56392973227886,21.00231096069282,33.18434863493094,36.877697241889244,48.56340796207933,52.85435611719819
NSGA-III,3,5.354719887608583,0.5777936211163163,4.407681490579747,9.612635946100323,18.894400509630586,37.173274397600224,42.828483247592075,47.013274773938974,53.09372689345095
NSGA-III,3,5.394413835378861,0.5524257595064291,3.371912352360611,9.181302979351132,18.697983181752438,36.598965163728195,44.7062231506776,48.72893483628521,53.06829795478747
NSGA-III,3,5.479039498171064,0.5501940712926428,10.640309994324717,17.288714065771988,21.84332961910974,37.22446333492407,46.16145243950151,49.08019038242777,53.133360170059646
NSGA-III,3,5.4548448058680465,0.5509906145428957,5.78774413362188,9.17449908889726,17.726145412611316,36.962023282878704,45.13813838994498,49.074012781411454,53.11814377187883
NSGA-III,3,6.024268045763889,0.5093356464257847,12.048647685787726,15.860728045246223,19.151224641197224,34.33047245030326,44.46070575720832,46.99790295328382,53.133360170059646
NSGA-III,3,5.491536607021551,0.5314577034646556,11.148798233398264,15.832763952183265,23.53446021423834,35.99240962715255,44.369582449761545,46.953777413779484,53.08240351572233
NSGA-III,3,5.9294818297580125,0.5183528534066569,11.156903101510274,16.72876115425778,20.216442120427036,33.720616707397625,44.13068830848252,46.7197059207694,53.15438577915756
NSGA-III,4,5.319338635031077,0.6385277596376531,10.060962405737676,16.881723078077545,19.847245353219236,33.54552208167056,36.617489537298184,46.41444648188868,52.29506857643168
NSGA-III,4,5.438891305987549,0.5466169728676494,3.750522973543413,9.63527172899791,18.794992856049827,37.60373959138778,43.70131970652986,46.86261205368614,53.04818771465319
NSGA-III,4,5.421692466091944,0.5488339511755423,3.1972253821812204,8.89936646271997,18.790379887087028,37.60373959138778,44.10884685864289,46.861507888339446,53.14279659219223
NSGA-III,4,5.833378155032095,0.5278971211962011,5.690529913225017,13.345264886986762,16.16291550782607,33.11606404308946,43.50758798284409,46.35222064600936,53.16898341117062
NSGA-III,4,6.240594912590927,0.5214781074110817,9.035926286680715,14.012380844174952,17.875242674567847,33.67305136388078,43.74184154367181,46.70737524101222,53.17058903959771
NSGA-III,4,5.361777484638319,0.5754201554786701,4.570389164824205,10.037917570051833,18.51415189528721,37.118892577766296,43.59550474160675,47.6400153620449,53.081398972294664
NSGA-III,4,5.404235214513005,0.5540070430764423,5.7945252587392915,9.480367338621482,19.091052462261153,36.67199726463824,43.28579961427384,47.043723869382156,53.08484478741323
NSGA-III,4,5.772227056326515,0.5326090872454591,3.290939416091632,14.09534668240418,16.54742053922516,32.661621337579845,42.77931027572152,46.454282182125596,53.07094810520288
NSGA-III,5,5.771885708264763,0.5245487503101912,10.28998263433481,16.568442554864514,29.433972961281405,32.8884349428661,43.35659241884671,46.89813199399879,53.134081429795366
NSGA-III,5,5.78944601557191,0.5175702347011406,14.780164291219116,17.427520930944066,30.195649577394892,32.8122608670398,43.72257210609974,46.7974585762719,52.867055666203555
NSGA-III,5,5.420055459394752,0.5575526275212498,8.963596356384205,18.50925277943868,33.0686133263845,36.634825196612645,45.41120732338178,47.994153072594585,52.217413791042034
NSGA-III,5,5.329065826703183,0.6176695511828668,13.518735134238092,16.0956470837763,31.44303620230673,37.009605213113545,42.61435523466971,49.46622432693028,52.155382421362994
NSGA-III,5,5.502224079719228,0.5282662887735032,10.703648939979505,17.82498347475261,30.481716025366744,36.2262730853307,44.55155695730744,47.01997692419411,53.08778140801056
NSGA-III,5,5.474230746296596,0.5287210360620179,10.561489479668133,17.28111612287127,31.282757335431572,36.03587661576832,44.14984039862996,47.05805774360565,53.1878308109819
NSGA-III,5,5.611182262700151,0.5275063652990609,13.281175095846416,19.34085189296968,28.918289382639152,35.75648228850644,44.563754704284605,47.054265959961654,53.08778140801056
NSGA-III,5,5.4347776219849,0.5510120832165823,10.737829923611406,16.523181270759164,31.904349723527826,36.74133975705223,45.2297898039046,47.777927705340964,53.08778140801056
NSGA-III,5,5.365173497447062,0.5779456111205318,9.50599203809905,17.70470481231695,33.457947036176876,36.93427735516147,44.00962064424063,48.1548902544631,52.67645025292013
SMS-EMOA,1,5.809195865737874,0.5240574388837476,11.468770899295269,15.63728375002823,20.401439638935795,32.89153441661406,43.785142483835344,46.34170335072687,52.81805121612925
SMS-EMOA,1,5.5238478994289295,0.5452277771574064,11.539426439966595,15.30832841818728,18.926782826787527,37.317469332119074,43.9615574070461,46.664234715332874,52.675479942998
SMS-EMOA,1,5.346029082357781,0.6043541131790638,10.376422088095861,17.723376206440253,31.14302779025402,37.038404709251196,42.997595336220705,47.33430260064863,52.650539003158606
SMS-EMOA,1,5.45330977432763,0.5508271663588933,10.396019841935557,17.162873922581625,28.04074031827591,36.74507888688863,44.95798424275818,48.664468241871575,53.0565651335154
SMS-EMOA,1,5.470967951069426,0.549867182773231,11.191963401801868,15.647411353451457,28.417408429476644,37.06819500866573,45.07531032228638,47.668719014367205,52.76251241557447
SMS-EMOA,1,5.4720853031245404,0.5491198739327298,9.98029761525586,15.930505492230102,30.657190312461772,37.3764084527411,45.605850763583774,48.7117356630309,52.74500177436818
SMS-EMOA,1,5.316633811916445,0.6194433140525298,10.633343242326458,17.30866275096455,33.70845484278908,37.038404709251196,42.88982682664511,48.43572887676027,51.78089553201124
SMS-EMOA,1,5.348647261910539,0.6031242880890365,10.866136902756839,16.473125733563734,27.82017918208562,37.13479578829514,43.055366070651175,48.13101872107931,52.73639480661218
SMS-EMOA,1,5.345173187108207,0.6170123453222054,10.866136902756839,17.747323270976832,29.066155019339092,37.13479578829514,42.831257940046,48.641291981912005,52.56576817136406
SMS-EMOA,1,5.577782322632899,0.534488004805897,9.98029761525586,15.052510456500062,32.32054565379662,35.748043383448724,45.86352363532647,48.7117356630309,52.73002008583195
SMS-EMOA,1,5.355512033209719,0.5945066372178281,9.489705899301716,18.462353176918167,33.32193680897876,36.70959047231291,42.11553251333207,48.51607760256567,52.917709932534976
SMS-EMOA,1,5.367445331977601,0.5923096303644318,9.700818110675502,16.795687794017518,31.437642014551578,37.21080906855797,42.76599398561025,48.8926751638212,52.91418126833765
SMS-EMOA,1,5.538406884824369,0.5349108912482892,9.082411012859165,16.22484618517975,32.40116871659014,35.748043383448724,45.86352363532647,48.691865578125594,52.73002008583195
SMS-EMOA,1,5.372839289453062,0.5748644456265788,9.608142742395946,17.54747065046673,32.430395628217134,37.05497284018174,43.20945287472968,48.90533072892618,52.991034221215216
SMS-EMOA,1,5.47263833398291,0.5470984421852726,8.768181813212703,17.82517428790151,32.82844741077205,37.67467904941042,43.74706451887237,46.881482702456985,53.11761406636496
SMS-EMOA,1,5.3523792354621635,0.5992802994872933,10.637133143042483,16.549628391949014,32.183042347238306,37.27754817289652,42.997595336220705,48.64750728666483,53.18077259134166
SMS-EMOA,1,5.370315758269799,0.5798772283896696,8.784375892347375,18.392258365588088,32.80230949809251,36.96866719157683,43.645350383637876,48.31772754689866,52.429792894346406
SMS-EMOA,1,6.0149175920765465,0.5188515590598457,13.078655548833126,18.14003998617482,22.96029124050916,33.822923809374345,44.02762914858046,46.6049930392086,52.97374158299846
SMS-EMOA,1,5.87263366079394,0.522833470327305,13.877931087646038,18.332700072995358,27.15300659052876,32.64903629013062,43.38299406079663,46.58451573604142,52.76547444511367
SMS-EMOA,1,5.409216489966367,0.5720119502398558,9.79919609581843,16.550771715665274,32.430395628217134,37.37881085985816,43.529450453275985,48.90533072892618,53.09404642082872
SMS-EMOA,1,5.370952011013001,0.5766780053794821,10.318209599432498,16.993144657054618,33.63162368226407,36.76638931218331,43.62429164689456,48.6312952373976,52.72826459960802
SMS-EMOA,1,5.598541746985523,0.5317298843255431,13.041762819399269,18.28650000925387,21.209366601338637,35.89786346190874,44.02762914858046,46.6049930392086,52.68358686657858
SMS-EMOA,1,5.420961033810606,0.571496721914943,9.65931714174563,17.752914736760605,35.09268448760544,37.780291591129206,44.69092368991442,48.285635999299195,52.90883579013058
SMS-EMOA,1,5.428894820095009,0.5520456862270509,10.049986968777494,18.4240937366515,32.430395628217134,36.66550323565278,44.17183486432746,46.944905421667485,53.18517298251367
SMS-EMOA,1,5.507458573709173,0.5467477525502126,11.325112121064233,15.428642758957864,32.183042347238306,37.20079325799625,45.97676204288363,48.66004120162913,53.18077259134166
SMS-EMOA,2,5.8175441935683345,0.5206705094797102,13.357814972211138,16.343984615272955,21.47805637664952,32.751209123404315,43.495660888450885,46.47798790155107,53.13776368848254
SMS-EMOA,2,5.317133967680196,0.6343167360520626,10.590929358611577,16.91993636196574,20.110942480065933,33.90902617811381,36.96967567384682,47.79686749852841,52.716910012330054
SMS-EMOA,2,5.327739188009258,0.6339321589582462,10.590929358611577,16.91993636196574,20.324758914453362,32.583068200662126,36.75423338591838,47.79686749852841,52.716910012330054
SMS-EMOA,2,5.418171094314204,0.5713872419873498,4.068710182267801,9.274460277121031,18.029633181746725,36.01117976238566,44.66797328133551,47.30788528077663,52.64290188711726
SMS-EMOA,2,5.809326176931821,0.5266100018485973,11.348707545228407,16.646939653084875,20.324758914453362,32.61188621442841,42.92170427627085,46.43263819040848,53.120782694630975
SMS-EMOA,2,5.348180082017972,0.6269156020418928,9.996259473433371,17.417413778684224,20.52620722482943,32.62034988881878,37.10574294758584,47.425807952152816,52.27259638467697
SMS-EMOA,2,5.394253822669492,0.5754373308511186,4.386248560438173,8.44046779184485,19.2777963931009,37.904974361196395,43.93164320334965,47.0787922086924,52.600671939885885
SMS-EMOA,2,5.672478627139362,0.5428051692304713,12.141718164146958,15.210027618380995,20.84561559905651,33.92574136492783,42.051689704079855,46.046458322660584,53.19065970730294
SMS-EMOA,2,5.407040546334883,0.5717684428494473,5.0563398546899485,10.080893417836275,18.103886418716755,37.699547721472086,43.718394330692554,48.45660663856204,52.56169561110309
SMS-EMOA,2,5.7775846801470525,0.526894277263232,10.54919746030818,16.646939653084875,19.71400713816958,32.61188621442841,42.92170427627085,45.968509685417864,53.10898736324601
SMS-EMOA,2,5.3345563137475125,0.6284866381039881,9.806685692930298,17.767402925384282,20.32528309138297,32.62034988881878,36.63288489637021,46.477675607262306,52.27259638467697
SMS-EMOA,2,5.478455866078186,0.5470932017090647,4.49366114419508,7.697584327232354,18.80913250283288,35.944109424098656,46.07422339825762,48.569572323606636,52.95137630172956
SMS-EMOA,2,5.398011344337734,0.573835016164899,5.472120837189895,10.018867407816666,17.841922426958792,37.208917000894694,43.2504814326441,48.47618124618223,53.002034580800306
SMS-EMOA,2,5.629049838403649,0.5461663776984225,10.553053825365108,16.228051837679917,20.96130940364781,33.712245907662066,42.69905086280916,46.34710682002252,53.12934987236288
SMS-EMOA,2,5.7689162162639605,0.5277075960560745,10.590929358611577,16.293707556550267,21.583062138159605,32.590915602999885,43.45884070526015,46.58073484558635,53.1370044803821
SMS-EMOA,2,5.764829019144899,0.529868106914859,10.234219928994014,16.91993636196574,19.8428319134955,32.450315735740304,42.98919654503426,46.69611286111736,52.716910012330054
SMS-EMOA,2,5.34925655964762,0.5812434071963893,4.199488076330086,9.442565696301221,18.505966179586125,36.96829085223823,43.92418776674883,46.902537223296385,52.38671148239406
SMS-EMOA,2,5.4679432244834025,0.5513353442857962,10.941725496512506,15.978194392756468,22.348033488311117,37.00993975425933,43.495660888450885,46.47798790155107,53.13512934175924
SMS-EMOA,2,5.427847021699526,0.5571564020850914,5.929077745135457,9.891642829170086,18.867309585440093,36.123233777424446,43.57930360287508,46.4421329893458,52.96632844908412
SMS-EMOA,2,5.457139376238969,0.5554471423831029,4.944152246028258,7.843352508018892,19.717732188011595,37.37838893412767,43.696945740279226,46.5835801953864,52.69206755467754
SMS-EMOA,2,5.694019826225695,0.5391572894291435,7.703871040120179,16.025832923444266,19.571375675226964,35.38171374936341,45.386888179498854,47.9144094594603,52.70761417381223
SMS-EMOA,2,5.6799836679411815,0.5416713006258639,10.657109908754073,16.293707556550267,18.90142463474107,33.45102340011768,43.05005408676221,46.2347451680681,53.11117894059885
SMS-EMOA,2,5.638008484452063,0.5447665346692867,11.31941569010359,15.298163393434784,20.76459837625104,33.90747473786769,42.64108895677694,46.046458322660584,52.87801408836871
SMS-EMOA,2,5.8435246827955645,0.5178364604547816,12.840485358667932,15.427500315913418,21.141427692468703,33.185477738290544,43.58417946298418,46.94785074462248,53.04675146428508
SMS-EMOA,2,5.371208551105129,0.576691810406661,5.280789410403142,10.763880685226095,18.15877816635007,36.89841567716276,42.77676818465975,46.16235016906095,53.017861916276765
SMS-EMOA,2,5.929014440608168,0.5155079888607199,12.204979630833186,14.800765989712245,21.056205623921752,33.93923085820637,43.94715722068761,46.94785074462248,53.04675146428508
SMS-EMOA,2,5.3105364830610196,0.6347838167756847,10.21742378664479,17.50365215296871,20.683714539133778,34.106149861588946,36.6888799018541,48.68311001606843,53.04512565838325
SMS-EMOA,2,5.426053885542405,0.567570637011534,4.1997141431691976,9.442565696301221,18.287491760331605,36.40891627388007,42.628446598153374,46.88386213179001,53.11263145529613
SMS-EMOA,2,5.675612056148525,0.5417954230493228,12.32778076578074,15.599016196427181,21.17590258713248,33.90747473786769,42.18371604352936,46.993099572715934,53.13179269638525
SMS-EMOA,2,5.642796582823388,0.5444870855712577,10.553053825365108,16.160348807512946,19.8080882896352,33.712245907662066,42.69905086280916,46.34710682002252,53.076519247987974
SMS-EMOA,3,5.740104674837803,0.5355285840920743,7.193151009157811,10.088892055200105,16.824785411663722,33.2478114944751,43.25540939570664,46.638021815255,52.86034337968998
SMS-EMOA,3,5.715267042087195,0.542604969315971,11.250418051565672,15.35506144005577,18.506492527313448,33.102079206434915,43.025472899619125,45.77818409299005,53.10031517176113
SMS-EMOA,3,5.419287409897631,0.5499361195398526,5.926550205851979,9.542782884743243,18.77315416438764,37.179729055591714,43.81108065022633,47.09070863133732,53.189700491952074
SMS-EMOA,3,5.55328370278623,0.5462908954823383,11.681822867048977,14.134524925696851,19.225773470510504,37.11242617638755,43.67674556220648,46.80208761902602,53.09698209207527
SMS-EMOA,3,5.412457880930276,0.5526221116750398,5.926550205851979,8.88620897792623,19.596518575170204,37.06638815665504,43.32250858823361,47.09070863133732,53.1308938195035
SMS-EMOA,3,5.547940013761689,0.5488376538915299,11.914577425568565,14.646141488720492,19.073440511629645,36.18883186520643,44.731405038133886,48.003435940071626,53.176301121164016
SMS-EMOA,3,5.485000663151098,0.5497340257363627,10.74289828491226,16.30054477989583,23.286955035753955,37.37007663667022,43.490424535625586,46.01791954394859,53.10031517176113
SMS-EMOA,3,5.789771277526285,0.5301258513092796,4.351436467510917,14.075642647019635,16.728438795288863,32.75805691987556,43.30685596254368,46.22301146223417,53.10031517176113
SMS-EMOA,3,5.417964614337368,0.5510063871581915,3.7343000378471576,9.12268760505223,19.09748855438819,37.06638815665504,45.22991338477253,48.60588304681514,52.865147977233036
SMS-EMOA,3,5.784177878515877,0.5311070361690283,2.8403160650084134,14.075642647019635,17.58681904923664,32.75805691987556,43.29435093299884,46.22301146223417,53.10031517176113
SMS-EMOA,3,5.384435419978337,0.5656727405490857,4.019811223772092,8.462824354936915,18.85951664347813,36.84811900444752,45.22991338477253,47.75871063450976,53.10789536316076
SMS-EMOA,3,5.853688825979798,0.5233773469853299,11.151558803995849,15.241906151664859,18.081827536709397,32.33595465520746,43.61251407275921,46.092734932341,53.06310210234196
SMS-EMOA,3,5.400594546477743,0.5606129116265482,5.5579572765658725,10.044854130370815,18.481353590799646,37.06638815665504,44.02018806975895,47.09070863133732,53.1308938195035
SMS-EMOA,3,5.623544107475906,0.5432039036134235,11.151558803995849,16.736940912270136,19.78294435821823,33.76617700489679,42.60526699181658,46.70152902755652,53.06098538582662
SMS-EMOA,3,5.566385525025284,0.5445960007547614,12.9099563049772,15.935899518728304,18.461921422006277,36.44446109428633,43.23630668894447,46.0814199160633,52.801139364932304
SMS-EMOA,3,5.343522230304476,0.5760576289834926,4.70241554648104,9.990115379231373,18.42636678289349,36.941248205835805,43.61031599117857,47.96236451218859,53.189878547945455
SMS-EMOA,3,5.823006917932828,0.5253096178219641,11.111239024130233,16.736940912270136,19.78294435821823,32.54070338816162,43.91409650017816,46.70152902755652,52.72696960500011
SMS-EMOA,3,5.3903934537369995,0.5650362703631617,5.162297577946451,9.407922736946839,18.87031309183684,36.53730489352844,43.78265563545598,46.84695233230593,53.189878547945455
SMS-EMOA,3,5.403143097429875,0.5551073217399708,5.968303146652955,8.508125526162017,18.178931700069395,36.659422058541914,45.20722586935557,48.5513234507287,53.13309330181747
SMS-EMOA,4,5.556774745511874,0.5385639800248564,3.457769603046396,11.180486799787301,19.652358349727592,36.322477640592126,44.37742489762241,46.87132317844907,53.05403732021014
SMS-EMOA,4,5.586288624766624,0.5368166362502373,7.283665495389385,12.559499860069064,18.170713508889904,36.18668084061638,44.37720371187952,46.85898986850077,52.917166769042296
SMS-EMOA,4,5.5598944820190415,0.5381149861832688,4.450189019009965,13.791167575869938,18.305077746248166,35.79938891760381,44.37742489762241,46.87132317844907,53.05403732021014
SMS-EMOA,4,5.892626558979407,0.525120938871302,13.455517655262312,16.501324293473655,19.8065158678245,32.205926033941736,42.83430489276676,45.55421321375249,52.52854178997195
SMS-EMOA,4,5.396148785580883,0.5582458040526143,5.7892637514307275,8.525384184053866,18.35693849901698,36.34122847779071,44.64132901688316,47.302506096938934,53.104419824862426
SMS-EMOA,4,5.547152776133196,0.5395171612079881,3.7883716849982463,13.397855221669522,21.626847205925742,35.79938891760381,44.24479004571393,46.87132317844907,52.93595393659707
SMS-EMOA,4,5.340440729046839,0.5816187442581368,4.617292289142637,9.286485850710594,19.007428667571947,36.87230049311868,43.7879518373923,47.63290318664076,52.285084461516696
SMS-EMOA,4,5.433166781915245,0.5417926770415165,5.8492656411215505,8.485578997364929,18.991969116217327,36.36085931099131,44.49319126414777,47.043983417241876,53.0612035459697
SMS-EMOA,4,6.035946688237372,0.524048143990336,9.467203596112034,15.030165551819124,21.812440469897744,33.67778354829263,44.28605737733782,46.75498129268234,52.92724136194448
SMS-EMOA,4,5.370380925878962,0.5759569604632989,5.523607921474359,9.81031688185581,18.7297417872094,37.16495845376353,45.15352770646673,48.49923948853333,52.928818586413406
SMS-EMOA,4,5.384006061995509,0.5682190202696803,5.2889499268418,9.844934471087663,18.722282211583746,36.39105584038611,44.7861474349917,47.33055248337655,52.366564104562165
SMS-EMOA,4,5.409154119836423,0.5481105857438253,5.343295621169922,9.266341038708383,18.92308109390643,37.33351344033073,45.47601714717284,49.06564150857927,53.11397536922886
SMS-EMOA,4,5.378334906993973,0.5756012474085009,5.186409640832204,10.084137470251278,18.369847017888368,37.1760350002704,44.80320810359216,47.805244864994,53.117808689106376
SMS-EMOA,4,5.392840775885247,0.5664690047164306,4.252463074981716,9.532148665760115,18.942288339014556,36.85809242630557,45.684001594842854,48.311799848933404,52.448918536841276
SMS-EMOA,4,5.346432229120055,0.5767551411097565,5.262070929711134,10.42559584380698,18.92343086446133,36.72236839807923,44.30468241918765,47.23461090687211,53.16789185776402
SMS-EMOA,4,5.804738656742473,0.5287570584937676,9.710486805357462,16.687160966961443,21.812440469897744,32.6037354366962,44.17764666826483,46.75498129268234,52.92724136194448
SMS-EMOA,4,5.70074085510324,0.5334731093418601,11.117303715772042,14.783342208047614,20.562228948019644,35.539079356391866,44.0747780641498,46.76065923870049,53.0565828795541
SMS-EMOA,4,5.708512037798872,0.5297498167375777,11.108517953403549,15.398238670902069,18.44037036813448,35.539079356391866,43.78808602737004,46.47378353135374,53.088341773481844
SMS-EMOA,4,5.824853285477213,0.5255380566616372,13.029604473273285,16.501324293473655,20.13888311296674,32.42614720369257,42.88398184290682,46.148934879253694,52.52854178997195
SMS-EMOA,4,5.4003120560696924,0.5543779981540073,5.13687772108015,8.88264569876431,19.3387071056135,36.962640065606294,45.684001594842854,48.32102964850705,53.01310214092443
SMS-EMOA,4,5.378606724641239,0.5722279996167943,5.523408455327012,9.81031688185581,18.7297417872094,37.453744555919215,44.50284833741153,48.55587666941714,53.0280962887089
SMS-EMOA,4,5.342167219412866,0.5789984832993369,4.680117220801359,9.414612779983264,19.323417196675454,36.87230049311868,43.7879518373923,47.70921672978102,52.97136133584584
SMS-EMOA,5,5.665141739407863,0.5405106193339463,3.905089656126936,7.152796700656847,20.90504372815951,35.58167873878141,44.16990540966737,46.71272808541695,53.019814403526006
SMS-EMOA,5,5.415771002329689,0.5495631807855794,5.864563703766816,8.779906145488003,19.012946383401555,37.505766602898966,43.76866154984974,46.68593121006593,53.13274965815273
SMS-EMOA,5,5.748603850251101,0.535528564866898,5.707540589358554,9.88872183766207,18.411986006086625,33.1036307847587,43.42535515582093,46.03270584847813,53.11151595251433
SMS-EMOA,5,5.392988135726058,0.5599969785566856,5.708017765286202,8.250757000259188,18.377299381113932,36.41819007659581,44.96660292763002,47.65550363361539,52.64064699321153
SMS-EMOA,5,5.805108736450575,0.5284164124283364,3.4713169142221116,14.060752027485325,17.289571430659752,33.09103057086359,43.49580088606887,46.63672616915274,53.12825586147982
SMS-EMOA,5,5.364809332299071,0.5766452423318376,4.073108178449849,9.886724605415052,18.873497815863413,37.15566350400479,43.99403903646321,48.53234049087413,52.54909159987917
SMS-EMOA,5,5.953073080580546,0.5230388659740507,5.682943656976829,13.432536988705841,17.26308589522247,33.93416678613534,44.18153627022842,46.62500889083178,53.10947384916596
SMS-EMOA,5,5.457963767171192,0.542031539480633,5.638382509049086,9.600826453522767,18.561004270432168,36.14344082540553,44.16295478855974,46.845615565937244,53.13346183035355
SMS-EMOA,5,5.338292906162606,0.5805128124984366,4.751902188048561,8.854757578799243,18.644080884153187,36.931750861472466,43.883534110355534,48.49748826870599,52.51283678349647
SMS-EMOA,5,5.383467195812015,0.5749868701756685,5.127980483453465,10.41171437763551,18.136851513975067,36.92393862811848,43.92084925197529,48.068427842472644,53.13346183035355
SMS-EMOA,5,5.70534546400814,0.5398058538383335,5.388387799209276,13.012962149506594,18.530883554465614,35.61166588421459,44.0287146773084,46.87117272258767,53.12397160871975
SMS-EMOA,5,5.360900891898789,0.57776380777879,6.090945879631084,9.985385894249971,18.469088996501455,36.92393862811848,43.9325050079838,47.8646268374481,53.13346183035355
SMS-EMOA,5,5.398959475588327,0.5559182459041689,5.093047501507357,8.782683777390163,18.432076675231592,36.845158827669536,43.68588805431731,46.33839313832948,53.002470381431024
SMS-EMOA,5,5.394334005031675,0.5574693203501422,4.5577165553606775,8.099776114518304,18.432076675231592,36.75643885481927,44.07661563862651,46.53799055796881,53.19924824101495
SMS-EMOA,5,5.39942665508335,0.5525203863187172,5.7084922421253195,9.475710255521735,19.256497877662497,36.938487501445124,45.94367042018544,48.7130675139162,53.062882285754945
SMS-EMOA,5,5.346871483369293,0.5788476300597738,5.100549691332865,9.101712844291303,19.180455937629315,36.92393862811848,43.49962493093652,48.06754366011218,52.848960287183765
SMS-EMOA,5,5.713380101143459,0.5367336317192197,3.381203042549391,13.86855471142935,18.443709178815293,35.62079339074859,43.74053673932141,46.47837393629655,52.96817007603611
SMS-EMOA,5,6.0463143386119285,0.5190902110721154,9.938310240819698,15.197707078707397,18.94528661984958,33.6206493561713,43.851045641986936,46.53880731826504,53.160778192201136
SMS-EMOA,5,5.604926934399933,0.5408888904689148,6.780869552512486,11.494067894760235,16.46779129634714,35.8023707775454,44.107277950549594,47.08273595276001,53.128266691719496
