algo,seed,f_cost,f_tc,x1,x2,x3,x4,x5
NSGA-II,1,9.52907444531321,0.9344856353686866,3.1382733745069205,10.647450351600867,12.547993653070108,21.589172918960486,23.12819801855487
NSGA-II,1,9.71669954848058,0.9293591386108069,3.1382733745069205,6.148065687804464,10.691522705127548,21.354309160781423,23.12819801855487
NSGA-II,1,9.625363141867663,0.929641010177685,3.1382733745069205,4.974709335339877,12.547993653070108,21.59456340050447,23.3570946086494
NSGA-II,1,9.570186200466406,0.931370998354595,3.1382733745069205,9.326067040071033,12.385894133595821,21.589172918960486,23.12819801855487
NSGA-II,1,9.768690198555667,0.9282818017068982,4.552043715617932,7.554927443871132,15.131772143327149,21.140681147317196,23.693697901987683
NSGA-II,2,9.572847264689324,0.9464279170153511,1.8471806835962008,10.869887344471026,21.334319044694166,22.934935482558195,25.029488163734037
NSGA-II,2,9.85661330285238,0.9292010362530905,1.509570042521216,9.144384373806254,19.663626944147598,22.0493092374284,24.688409886277697
NSGA-II,2,9.83078892772323,0.9310088771389172,2.1576208939267514,12.807880958010003,20.349512411398827,22.287917792411882,24.02029429488865
NSGA-II,2,9.550571160163779,0.9637956333293306,3.333956622100408,11.101419272003456,13.253460385067097,24.287029015558375,26.217433167646405
NSGA-II,2,9.66701290286535,0.9355607993045254,1.791195688641259,3.8718390773945286,11.463341454060826,20.805594275323966,24.60820730545678
NSGA-II,2,9.63543474296186,0.9360070136611527,1.509570042521216,11.118350643786657,14.19306658609305,22.0493092374284,24.688409886277697
NSGA-II,2,9.543436749521028,0.9649899691913376,3.15115540199799,11.101419272003456,13.253460385067097,24.287029015558375,26.217433167646405
NSGA-II,2,9.668196234332232,0.9329722370611434,3.322336428281588,10.869887344471026,20.17729833252914,22.934935482558195,25.029488163734037
NSGA-II,2,9.606540988691027,0.9404586742772935,2.3693792017331354,11.968901488634083,21.334319044694166,22.934935482558195,25.029488163734037
NSGA-II,2,9.577809811884231,0.9407383120488657,2.0930973911487962,11.877137011370737,13.386174834723917,22.893978772693607,24.945422967112727
NSGA-II,2,9.634130907454743,0.9389547987278895,1.509570042521216,9.48564093920511,12.775734657146685,22.20454088293268,24.688409886277697
NSGA-II,3,9.579932800367892,0.9337748096760756,1.5905663818515992,9.54295472999484,12.609084499563314,21.89522717806631,23.653791685894856
NSGA-II,3,9.540384092385764,0.9348624769089328,1.5905663818515992,10.689318166318564,12.343891808936394,21.830052277271395,23.680849051983046
NSGA-II,3,9.595868992789887,0.9299270669226056,1.5905663818515992,10.734705507685428,19.847188297287094,21.830052277271395,23.680849051983046
NSGA-II,3,9.599502896809636,0.9296950482473918,1.5905663818515992,10.734705507685428,19.814235853910574,22.044606138272023,23.71845524697897
NSGA-II,4,9.65717188388359,0.9314876132726654,3.4601962023508834,6.66225684269566,12.708571020728057,21.851511504497765,23.701079899203975
NSGA-II,4,9.577810830978162,0.9323875130171386,1.8565245490643245,10.922562392658687,14.11877813006918,21.75240762348801,23.441858695112153
NSGA-II,4,10.037483574482312,0.931296504947998,1.6573787738045889,6.319471111623321,20.009322276325832,22.62054721908414,24.12974123440809
NSGA-II,4,9.545345545683592,0.941752088463896,1.7578464410499341,10.922562392658687,12.445578211493725,22.803931692207925,24.403474756526823
NSGA-II,4,9.529659858751083,0.9581912400340266,2.3289103140359995,11.705928627531971,13.45716835567707,24.448241033590282,26.120329637613253
NSGA-II,4,9.556047716508203,0.9393652691323364,1.7578464410499341,10.922562392658687,12.445578211493725,22.534457405408624,24.403474756526823
NSGA-II,4,9.551988766742479,0.9402853381290832,1.7578464410499341,10.922562392658687,12.445578211493725,22.63665934286572,24.403474756526823
NSGA-II,4,9.515942931076033,0.9584577962757995,1.7578464410499341,10.922562392658687,12.445578211493725,24.403474756526823,25.92649157140133
NSGA-II,5,9.566273650771672,0.9440078660689551,3.210866224922888,11.24782904864333,12.780304253469861,22.938269123342828,24.572632403264425
NSGA-II,5,9.534968933999295,0.9837172435409488,2.4314631790877472,11.751682630742875,24.88138194662265,26.460819924067064,28.002659564308196
NSGA-II,5,9.560593866377255,0.9679139380543489,2.4314631790877472,10.681559186012331,21.473016887495596,23.08680787801488,27.027695113744475
NSGA-II,5,9.535158648833397,0.9829167061294987,2.4314631790877472,11.751682630742875,24.805226209612265,26.460819924067064,28.002659564308196
NSGA-II,5,9.63426452625553,0.9305382201860122,1.640425801310464,10.652812917456217,18.161855955837563,21.81685797473834,23.599271561424853
NSGA-II,5,9.562404719749496,0.9625558679844285,3.210866224922888,11.24782904864333,12.780304253469861,24.572632403264425,27.30253836705889
NSGA-II,5,9.591612061347597,0.9306415940627155,1.640425801310464,10.652812917456217,19.890432567958513,21.81685797473834,23.599271561424853
NSGA-II,5,9.561818604021875,0.9675083545698538,2.453528273033521,10.681559186012331,21.445498977095088,23.08680787801488,27.027695113744475
NSGA-II,5,9.824169196127551,0.930058287580004,1.6399864115193812,12.199189041205857,18.207394711401424,19.923304742058235,23.735999119816142
NSGA-II,5,9.562564105420117,0.9613034186794501,2.1219893266133383,10.150264471432552,13.352451776511515,24.75457945890237,26.277001260917547
NSGA-II,5,10.006384945018908,0.9297638731873377,1.6399864115193812,4.8242684976244945,18.327921009493682,19.923304742058235,23.735999119816142
NSGA-II,5,9.58635625959968,0.9367603761035322,2.3987145996274086,10.162197884085616,11.741095047039792,20.998488824139876,24.299868123543092
NSGA-III,1,9.66369582243668,0.9285949990144053,6.221435028694383,7.721943484455303,10.80075581568426,21.320244105524345,23.05944122909842
NSGA-III,1,9.5366953779039,0.9528947965073334,2.505650496725495,11.648413101265735,13.309759528352611,24.06430461371888,26.409475696440165
NSGA-III,1,9.547482340898178,0.936032646576061,2.036833899667471,11.648413101265735,20.76208221637839,22.38447710570774,24.06274058905997
NSGA-III,1,9.547540966975541,0.9360022417924654,2.039711943893256,11.649885078820413,20.76131471101055,22.376409627693615,24.06274058905997
NSGA-III,2,9.647982151111997,0.9307120694996918,9.586589555801693,11.109614697321465,14.125785563681168,21.6327706915986,24.100937529274162
NSGA-III,2,9.53963322471808,0.9587807891332758,1.9740941208577416,11.704086868272121,13.701399463649961,24.01695868958809,26.007229567260943
NSGA-III,3,9.568366015061208,0.9495142295603399,2.073827056463404,12.354782082814662,14.143634480934836,23.346227011569553,24.956636451372596
NSGA-III,3,9.534026954641027,0.9650876589235426,1.6838400420473933,11.741062824810973,13.496540762995272,24.712697288890098,26.439882747547585
NSGA-III,3,9.856342303286333,0.9301408467959421,2.01624549065199,12.635994797009928,20.17905474007987,23.123106476614538,24.985608874139306
NSGA-III,3,10.169929211342533,0.927998990067326,1.7011247222624373,15.237043835324627,18.240765164722593,19.7664826241828,23.12533280015226
NSGA-III,4,9.862836424887938,0.9297652419219425,4.564816560856052,9.184663598714486,13.687859847239743,21.36483010393409,24.204368087300157
NSGA-III,4,9.526580085372853,0.9616641559893825,3.1401370157539206,10.80094626563187,12.395905020982573,24.49486495701053,26.098654067308917
NSGA-III,4,9.56133518979432,0.9330647870291282,2.008276731996806,11.118418707099108,12.686030854365127,22.015481870222075,24.117156050418487
NSGA-III,4,9.55642424694647,0.9425096496487657,3.2437903819026515,10.766269586155644,12.926090613248537,22.226034501617637,23.86587431271615
NSGA-III,4,9.83917011937559,0.9321539010014894,7.582503032463329,18.330669088784507,19.907470319904007,21.91733645409862,24.545822615443964
NSGA-III,5,9.582374836548917,0.9456088083564541,1.6289588161062143,11.515902708647797,13.024554748400377,23.124170448662998,25.226309712545945
NSGA-III,5,9.541102492014662,0.9595568578428063,2.3958859319720753,11.445310305855749,13.460713259255026,24.365378192923185,26.409103785947153
NSGA-III,5,9.590196695789608,0.9326175644497704,2.1063836928946014,10.000647412879948,13.046186846473383,22.116486124907894,24.058936484340133
NSGA-III,5,9.669760716725115,0.9302950014869903,3.6565509996034518,11.210280725246978,20.24159703834888,22.18417886896756,23.99910968541327
SMS-EMOA,1,9.546361039783307,0.9395725991651184,3.342310777446717,11.08230207175804,12.918356006355008,14.56897236475418,23.575855920431213
SMS-EMOA,1,9.868823487214938,0.9304613667785587,6.382076295129127,9.437075385080469,19.984287553044588,21.652549272706267,23.95335488859162
SMS-EMOA,1,9.530034216833586,0.9824985648292837,1.7198390619176818,11.300222619921373,24.266890674874887,26.2207164854225,27.92230797099115
SMS-EMOA,1,9.530325229141972,0.9821674433525841,1.7788020707081678,11.300222619921373,24.266890674874887,26.2207164854225,27.92230797099115
SMS-EMOA,1,9.534402784118736,0.9604815376636591,1.981021853181319,11.00792786731915,12.911827177162483,24.345010554941457,26.308961205067654
SMS-EMOA,1,9.557483212808076,0.9306554760897401,1.7793244354297433,10.988305639151461,20.08097105438476,21.64690535644681,23.152736573082077
SMS-EMOA,1,9.539097421296013,0.9398976375035883,1.6469719378877556,11.08230207175804,12.918356006355008,14.56897236475418,23.575855920431213
SMS-EMOA,2,9.647527223823024,0.9323373662437286,3.2785609310292054,10.850216248262942,20.112203160136332,22.82616778277568,24.632973680683357
SMS-EMOA,2,9.799051575392038,0.93229832181228,7.956586121108077,17.021271011522863,20.162898441788556,22.392150503150013,24.870287795440472
SMS-EMOA,2,9.624664302216038,0.9358050095422245,2.922723954478469,10.531912955861477,12.034511386349163,21.288674636582563,24.788982408526707
SMS-EMOA,2,9.543964683899715,0.9362966879461218,1.5213635761171072,11.095679304061068,12.693818434610254,22.039641770837967,23.86832980962773
SMS-EMOA,2,9.638432968470367,0.9349846998684953,1.5258463318328155,11.157475025199716,20.347528873164695,22.419567653389468,24.762657346454272
SMS-EMOA,2,9.864052562451203,0.9306202460792611,3.1955479193899423,7.897155018219642,18.431508804648953,20.008990850412246,23.43196941812938
SMS-EMOA,2,9.526640012298337,0.9593228335588744,1.7894238777359162,10.874082452511837,12.59720804324686,24.284400556856177,26.190062263913152
SMS-EMOA,2,10.30018549588202,0.9305953608681284,1.7894238777359162,15.293054040945332,20.083273021019018,22.8472603301092,24.646572023443085
SMS-EMOA,2,9.805914722501694,0.9317930578207113,9.48804080786516,14.012052295468534,20.112203160136332,22.82616778277568,24.626367375350895
SMS-EMOA,3,9.565047955003944,0.9405338294167425,1.9270326725667026,11.094702916116036,13.06228758830249,22.378141195347176,24.2447921734207
SMS-EMOA,3,9.770415663375955,0.9298839576056287,7.714029795149111,10.75771342194861,15.318628402463588,21.362023439994875,23.52973104858158
SMS-EMOA,3,9.690781069101764,0.9308263401221992,3.4908618332779255,5.155303957706909,12.758688204525791,21.809033046713914,24.545966771468702
SMS-EMOA,3,9.545590521908148,0.9566431153197775,3.2542544061119623,11.097757998867156,12.778062555742945,23.90927460965528,26.340634166586675
SMS-EMOA,3,9.57858035408273,0.9327385224557129,1.849501726285672,11.078453497218904,14.218583855208387,21.829294845060534,23.52258306065057
SMS-EMOA,3,9.552753987869536,0.9411918794592284,1.9270326725667026,11.267031569046033,13.062205892747283,22.617684504251187,24.2447921734207
SMS-EMOA,3,9.535918674668425,0.9698615845693161,1.5760252910688752,10.94168739578885,12.752405509143372,25.129492195401447,26.654963516722383
SMS-EMOA,3,9.623468820295338,0.9314634313132842,1.8464108102969583,11.06434515145863,18.600034785703848,20.228286312357547,24.221835411104053
SMS-EMOA,3,9.544097779401785,0.9601151980765296,1.9984483072138348,11.076867899914538,13.055220478552307,24.203359520350414,26.6321218769127
SMS-EMOA,4,9.530174286793414,0.9636782669638556,1.7109664568055931,11.856097818457217,13.588450654632005,24.590746600667387,26.321917649042298
SMS-EMOA,4,9.555402462361275,0.9316569739482172,2.313550572739452,11.370239728284936,12.986788543044568,22.030910769241057,23.94677677367817
SMS-EMOA,4,9.546876902300818,0.9563838523907076,2.313550572739452,11.523066032563506,13.562825804604728,23.94677677367817,26.183834224637543
SMS-EMOA,4,10.049114877399653,0.9306864145234405,3.273122109846228,5.233231187169421,20.25724276271842,23.08081831656474,24.660500699778467
SMS-EMOA,4,9.542819501271156,0.9627384789194428,3.1807145601213764,11.0233019649798,13.167128284066255,24.14690233495776,25.884506558268658
SMS-EMOA,5,9.647890497560493,0.9321804432091919,1.92886605345532,10.982174105926944,18.62007468150454,21.98046781019322,23.885046785087276
SMS-EMOA,5,9.866608147551291,0.9317505341291625,6.397173852011956,10.924257451296398,18.56089229094682,21.59564851937584,24.466712751954656
SMS-EMOA,5,9.526173958271148,0.9839861401390162,2.032098852082276,11.052889033027125,24.547554848012602,26.26676193493903,27.813540981216487
SMS-EMOA,5,9.98114128544989,0.9314933114885591,6.397173852011956,16.984583391544785,18.56089229094682,21.59564851937584,23.137304962945965
SMS-EMOA,5,9.597147616126728,0.9342589684733704,2.008660503471135,10.029544011348277,11.596043235721174,20.621303197394898,24.18828563448917
SMS-EMOA,5,9.575678031058628,0.9362940375011017,1.92886605345532,10.982174105926944,12.543209830562361,22.285273147521497,24.574570769489522
SMS-EMOA,5,9.57652837721893,0.9347660489968035,1.7152307065865722,10.724227269891408,12.252155402388794,21.98516828383676,24.48292833868128
SMS-EMOA,5,9.613397892588994,0.9332086975364591,2.033173183253383,9.862660351884436,18.8780589395838,20.60326842874258,24.104580873163318
SMS-EMOA,5,9.535530848436574,0.9631468027659748,1.5593016041533583,11.052889033027125,13.293742733402366,24.12305384736799,25.824137536965928
SMS-EMOA,5,10.076119048752744,0.9309492504185867,1.7184226368630098,18.420546615448576,20.05013730402274,21.992459151948093,24.303688146214512
SMS-EMOA,5,9.955103505226004,0.9315397137640921,6.397173852011956,10.924257451296398,15.51594873622758,21.58923495602013,24.46281612908977
SMS-EMOA,5,9.539788789545462,0.9383803811584842,1.9381645093421953,10.98884697658411,12.543209830562361,22.5208104082973,24.082434634269344
