model,subset,R2,RMSE,MAE,MAPE_pct
Ridge,all hours,0.22081394981285152,2.8282102870548873,1.6389764574103907,78.11467834479824
Ridge,operating hours,-0.27219574395538904,3.6474434066594825,2.5111722878683267,76.57528551438844
RandomForest,all hours,0.4309627435420623,2.4169154845328955,1.2417794333951373,78.67592541967437
RandomForest,operating hours,0.024086352398637767,3.1946058946813873,2.26685697135409,76.94845876209713
ExtraTrees,all hours,0.48869568080983694,2.2910303577204187,1.1866410770780493,74.35486418726265
ExtraTrees,operating hours,0.1054265500044459,3.0585782459195165,2.1491422604133223,71.97932434677463
HistGB,all hours,0.4797554094455323,2.3109731507542555,1.1838758107196465,71.67852279928691
HistGB,operating hours,0.08406585219783269,3.094879314743711,2.1787843948905,68.67558108343611
MLP,all hours,0.3445726712286804,2.593900937585382,1.4279256486088954,78.77834462221102
MLP,operating hours,-0.2201276123879623,3.5720227876706616,2.4830331314064034,76.65825078710157
WeightedEnsemble,all hours,0.46952925045464466,2.3335753792964655,1.211662742314188,73.4142107157669
WeightedEnsemble,operating hours,0.06545744314856905,3.1261595145169254,2.2071467563460616,71.02218511620418
